product_id,title,category,brand,price,rating,popularity_score,is_head_product
P00863,FreshNest Grocery Item 863,grocery,FreshNest,13.34,4.5,1599,False
P00116,BrightLife Grocery Item 116,grocery,BrightLife,11.05,3.4,1598,False
P00570,Apex Toys Item 570,toys,Apex,31.35,4.3,1595,False
P00460,CoreLine Electronics Item 460,electronics,CoreLine,210.82,3.7,1590,False
P00545,DailyPro Grocery Item 545,grocery,DailyPro,21.78,4.1,1589,False
P00334,Apex Home Item 334,home,Apex,106.06,3.8,1584,False
P00787,DailyPro Fashion Item 787,fashion,DailyPro,71.08,4.2,1582,False
P00744,Nova Books Item 744,books,Nova,12.28,3.1,1580,False
P00119,FreshNest Sports Item 119,sports,FreshNest,100.48,4.0,1574,False
P00667,Apex Electronics Item 667,electronics,Apex,79.21,4.4,1570,False
P00247,CoreLine Home Item 247,home,CoreLine,66.09,4.1,1569,False
P00516,CoreLine Home Item 516,home,CoreLine,57.42,3.9,1565,False
P00432,BrightLife Toys Item 432,toys,BrightLife,29.97,4.5,1563,False
P00204,Nova Home Item 204,home,Nova,40.28,3.7,1553,False
P00991,FreshNest Home Item 991,home,FreshNest,86.48,4.2,1552,False
P00138,UrbanCo Grocery Item 138,grocery,UrbanCo,20.9,4.8,1550,False
P00377,DailyPro Sports Item 377,sports,DailyPro,103.83,4.2,1548,False
P00748,BrightLife Home Item 748,home,BrightLife,102.39,3.2,1545,False
P00733,DailyPro Books Item 733,books,DailyPro,34.88,4.0,1542,False
P00451,DailyPro Grocery Item 451,grocery,DailyPro,13.85,3.6,1541,False
P00437,UrbanCo Home Item 437,home,UrbanCo,50.9,3.8,1531,False
P00799,CoreLine Beauty Item 799,beauty,CoreLine,51.85,3.8,1531,False
P00561,Apex Home Item 561,home,Apex,39.47,3.1,1518,False
P00442,CoreLine Books Item 442,books,CoreLine,10.32,3.8,1510,False
P00655,Apex Grocery Item 655,grocery,Apex,13.67,4.4,1509,False
P00013,DailyPro Beauty Item 13,beauty,DailyPro,48.65,4.7,1496,False
P00542,UrbanCo Toys Item 542,toys,UrbanCo,49.2,4.7,1485,False
P00512,BrightLife Books Item 512,books,BrightLife,32.91,3.3,1484,False
P00768,Apex Grocery Item 768,grocery,Apex,14.63,3.4,1479,False
P00913,DailyPro Beauty Item 913,beauty,DailyPro,27.27,3.6,1476,False
P00261,Apex Toys Item 261,toys,Apex,21.33,4.7,1474,False
P00318,Nova Electronics Item 318,electronics,Nova,72.67,4.9,1474,False
P00976,Apex Books Item 976,books,Apex,14.22,3.3,1466,False
P00496,FreshNest Toys Item 496,toys,FreshNest,17.95,4.6,1464,False
P00793,DailyPro Toys Item 793,toys,DailyPro,51.6,4.0,1463,False
P00392,Nova Home Item 392,home,Nova,93.14,3.8,1452,False
P00794,UrbanCo Books Item 794,books,UrbanCo,21.06,3.5,1451,False
P00231,Zenith Sports Item 231,sports,Zenith,129.67,4.5,1444,False
P00222,Zenith Electronics Item 222,electronics,Zenith,64.52,3.5,1437,False
P00711,CoreLine Toys Item 711,toys,CoreLine,53.2,4.8,1437,False
P00772,FreshNest Fashion Item 772,fashion,FreshNest,77.44,3.1,1433,False
P00494,Apex Sports Item 494,sports,Apex,106.86,4.7,1433,False
P00425,UrbanCo Beauty Item 425,beauty,UrbanCo,47.24,4.7,1425,False
P00818,CoreLine Grocery Item 818,grocery,CoreLine,18.48,4.5,1416,False
P00376,CoreLine Books Item 376,books,CoreLine,28.25,4.8,1416,False
P00507,CoreLine Electronics Item 507,electronics,CoreLine,157.59,4.5,1407,False
P00226,UrbanCo Books Item 226,books,UrbanCo,32.97,3.3,1404,False
P00095,FreshNest Toys Item 95,toys,FreshNest,15.23,3.7,1400,False
P00218,CoreLine Home Item 218,home,CoreLine,57.58,4.3,1387,False
P00822,DailyPro Beauty Item 822,beauty,DailyPro,30.57,3.8,1381,False
P00713,Apex Fashion Item 713,fashion,Apex,46.65,4.4,1380,False
P00514,FreshNest Fashion Item 514,fashion,FreshNest,43.04,3.4,1379,False
P00106,BrightLife Beauty Item 106,beauty,BrightLife,25.13,4.2,1378,False
P00750,FreshNest Electronics Item 750,electronics,FreshNest,84.39,3.4,1373,False
P00461,Nova Home Item 461,home,Nova,37.69,3.4,1373,False
P00905,Apex Sports Item 905,sports,Apex,91.95,4.1,1370,False
P00955,CoreLine Books Item 955,books,CoreLine,34.99,3.6,1368,False
P00590,UrbanCo Sports Item 590,sports,UrbanCo,128.83,3.3,1367,False
P00910,DailyPro Sports Item 910,sports,DailyPro,74.07,4.1,1364,False
P00055,Apex Home Item 55,home,Apex,50.63,4.8,1356,False
P00205,Nova Books Item 205,books,Nova,14.53,3.1,1353,False
P00411,CoreLine Books Item 411,books,CoreLine,11.19,4.7,1351,False
P00538,Nova Fashion Item 538,fashion,Nova,54.84,4.8,1349,False
P00216,UrbanCo Home Item 216,home,UrbanCo,37.27,3.2,1342,False
P00839,CoreLine Toys Item 839,toys,CoreLine,22.65,4.6,1341,False
P00680,BrightLife Beauty Item 680,beauty,BrightLife,53.97,3.6,1341,False
P00577,Apex Fashion Item 577,fashion,Apex,36.34,3.6,1339,False
P00812,CoreLine Toys Item 812,toys,CoreLine,37.86,4.0,1335,False
P00645,Zenith Beauty Item 645,beauty,Zenith,58.76,3.8,1334,False
P00112,FreshNest Books Item 112,books,FreshNest,28.39,3.9,1323,False
P00762,Zenith Toys Item 762,toys,Zenith,47.76,3.3,1320,False
P00993,Apex Books Item 993,books,Apex,25.97,4.0,1306,False
P00932,DailyPro Sports Item 932,sports,DailyPro,104.32,3.3,1303,False
P00275,DailyPro Beauty Item 275,beauty,DailyPro,55.49,4.1,1299,False
P00911,FreshNest Books Item 911,books,FreshNest,21.63,3.8,1295,False
P00909,CoreLine Books Item 909,books,CoreLine,29.87,3.9,1294,False
P00391,Apex Books Item 391,books,Apex,17.17,4.9,1291,False
P00124,DailyPro Fashion Item 124,fashion,DailyPro,35.16,4.0,1289,False
P00097,BrightLife Toys Item 97,toys,BrightLife,41.09,4.6,1288,False
P00969,FreshNest Fashion Item 969,fashion,FreshNest,71.05,3.9,1282,False
P00412,Zenith Electronics Item 412,electronics,Zenith,146.32,4.2,1273,False
P00539,DailyPro Toys Item 539,toys,DailyPro,27.55,3.8,1273,False
P00022,FreshNest Fashion Item 22,fashion,FreshNest,22.69,4.4,1271,False
P00262,FreshNest Fashion Item 262,fashion,FreshNest,25.06,3.7,1271,False
P00953,BrightLife Fashion Item 953,fashion,BrightLife,26.47,4.1,1270,False
P00278,Nova Grocery Item 278,grocery,Nova,19.82,4.2,1267,False
P00780,Apex Sports Item 780,sports,Apex,55.72,3.7,1263,False
P00309,UrbanCo Fashion Item 309,fashion,UrbanCo,26.35,3.8,1262,False
P00705,DailyPro Toys Item 705,toys,DailyPro,32.82,4.6,1261,False
P00642,BrightLife Beauty Item 642,beauty,BrightLife,56.7,3.5,1241,False
P00941,DailyPro Toys Item 941,toys,DailyPro,53.21,4.0,1236,False
P00453,Nova Fashion Item 453,fashion,Nova,78.25,3.9,1232,False
P00689,UrbanCo Electronics Item 689,electronics,UrbanCo,100.81,3.6,1219,False
P00588,Apex Beauty Item 588,beauty,Apex,25.59,3.0,1210,False
P00003,Nova Sports Item 3,sports,Nova,92.22,4.4,1208,False
P00885,Nova Books Item 885,books,Nova,11.55,4.3,1208,False
P00747,UrbanCo Electronics Item 747,electronics,UrbanCo,177.93,4.2,1206,False
P00141,FreshNest Beauty Item 141,beauty,FreshNest,23.16,4.4,1203,False
P00424,CoreLine Books Item 424,books,CoreLine,21.93,3.5,1194,False
P00970,Apex Home Item 970,home,Apex,90.74,4.9,1191,False
P00623,Zenith Beauty Item 623,beauty,Zenith,30.26,4.0,1191,False
P00085,CoreLine Home Item 85,home,CoreLine,47.07,4.6,1190,False
P00989,BrightLife Beauty Item 989,beauty,BrightLife,41.48,4.0,1190,False
P00094,CoreLine Toys Item 94,toys,CoreLine,50.29,4.2,1189,False
P00988,UrbanCo Toys Item 988,toys,UrbanCo,26.42,3.3,1186,False
P00478,CoreLine Toys Item 478,toys,CoreLine,22.24,4.3,1182,False
P00985,Apex Fashion Item 985,fashion,Apex,61.82,4.2,1176,False
P00883,Nova Sports Item 883,sports,Nova,131.96,4.2,1173,False
P00621,Nova Toys Item 621,toys,Nova,30.44,4.8,1172,False
P00350,Zenith Sports Item 350,sports,Zenith,112.69,4.4,1171,False
P00669,UrbanCo Electronics Item 669,electronics,UrbanCo,161.96,3.0,1170,False
P00029,DailyPro Toys Item 29,toys,DailyPro,51.23,4.5,1170,False
P00862,BrightLife Fashion Item 862,fashion,BrightLife,39.28,4.1,1164,False
P00084,FreshNest Toys Item 84,toys,FreshNest,30.59,3.3,1163,False
P00562,Apex Sports Item 562,sports,Apex,56.82,3.8,1159,False
P00928,UrbanCo Sports Item 928,sports,UrbanCo,63.46,3.9,1154,False
P00109,UrbanCo Sports Item 109,sports,UrbanCo,105.48,3.6,1152,False
P00944,CoreLine Grocery Item 944,grocery,CoreLine,22.02,3.0,1152,False
P00727,DailyPro Sports Item 727,sports,DailyPro,66.18,3.4,1147,False
P00636,Nova Toys Item 636,toys,Nova,48.72,4.9,1146,False
P00348,BrightLife Books Item 348,books,BrightLife,27.57,4.7,1141,False
P00462,FreshNest Sports Item 462,sports,FreshNest,73.98,3.9,1138,False
P00296,CoreLine Home Item 296,home,CoreLine,58.34,4.6,1137,False
P00948,UrbanCo Fashion Item 948,fashion,UrbanCo,65.2,4.0,1133,False
P00187,Apex Home Item 187,home,Apex,88.82,3.5,1128,False
P00143,Zenith Books Item 143,books,Zenith,10.67,3.5,1121,False
P00540,UrbanCo Beauty Item 540,beauty,UrbanCo,43.5,3.2,1118,False
P00081,UrbanCo Books Item 81,books,UrbanCo,31.28,4.5,1117,False
P00706,CoreLine Home Item 706,home,CoreLine,33.63,4.3,1115,False
P00011,BrightLife Grocery Item 11,grocery,BrightLife,10.67,3.7,1109,False
P00773,UrbanCo Sports Item 773,sports,UrbanCo,63.27,3.5,1104,False
P00080,Apex Grocery Item 80,grocery,Apex,20.35,3.6,1090,False
P00898,Nova Home Item 898,home,Nova,74.54,4.7,1072,False
P00808,FreshNest Fashion Item 808,fashion,FreshNest,48.18,3.4,1069,False
P00644,BrightLife Toys Item 644,toys,BrightLife,41.55,4.4,1065,False
P00810,Apex Sports Item 810,sports,Apex,103.22,3.7,1064,False
P00212,UrbanCo Toys Item 212,toys,UrbanCo,45.93,3.2,1063,False
P00165,Nova Grocery Item 165,grocery,Nova,21.59,3.8,1063,False
P00982,DailyPro Beauty Item 982,beauty,DailyPro,19.73,3.3,1059,False
P00739,FreshNest Books Item 739,books,FreshNest,22.66,3.6,1054,False
P00103,DailyPro Books Item 103,books,DailyPro,26.9,4.6,1054,False
P00448,BrightLife Grocery Item 448,grocery,BrightLife,15.9,4.6,1052,False
P00300,Apex Home Item 300,home,Apex,71.3,3.8,1048,False
P00506,Zenith Books Item 506,books,Zenith,12.14,4.3,1046,False
P00972,FreshNest Sports Item 972,sports,FreshNest,46.29,3.6,1045,False
P00726,DailyPro Grocery Item 726,grocery,DailyPro,25.27,4.4,1043,False
P00568,Nova Fashion Item 568,fashion,Nova,58.43,4.2,1042,False
P00681,Nova Home Item 681,home,Nova,30.75,3.3,1041,False
P00402,CoreLine Fashion Item 402,fashion,CoreLine,36.71,3.4,1040,False
P00182,Apex Beauty Item 182,beauty,Apex,46.09,4.8,1039,False
P00865,CoreLine Toys Item 865,toys,CoreLine,24.75,4.4,1038,False
P00385,Apex Fashion Item 385,fashion,Apex,67.3,5.0,1038,False
P00240,BrightLife Sports Item 240,sports,BrightLife,71.73,4.9,1036,False
P00427,Apex Electronics Item 427,electronics,Apex,72.9,4.7,1035,False
P00779,FreshNest Fashion Item 779,fashion,FreshNest,32.19,3.2,1031,False
P00691,DailyPro Toys Item 691,toys,DailyPro,33.8,4.3,1025,False
P00069,UrbanCo Beauty Item 69,beauty,UrbanCo,61.49,3.6,1025,False
P00895,Apex Grocery Item 895,grocery,Apex,19.45,3.6,1024,False
P00319,DailyPro Beauty Item 319,beauty,DailyPro,52.4,3.8,1018,False
P00023,UrbanCo Fashion Item 23,fashion,UrbanCo,73.43,3.6,1018,False
P00520,FreshNest Sports Item 520,sports,FreshNest,75.12,3.5,1016,False
P00604,DailyPro Grocery Item 604,grocery,DailyPro,9.39,3.4,1016,False
P00089,FreshNest Grocery Item 89,grocery,FreshNest,12.55,3.5,1015,False
P00306,Apex Beauty Item 306,beauty,Apex,49.89,4.9,1015,False
P00698,UrbanCo Electronics Item 698,electronics,UrbanCo,183.52,4.9,1014,False
P00868,UrbanCo Sports Item 868,sports,UrbanCo,55.28,3.6,1013,False
P00181,DailyPro Beauty Item 181,beauty,DailyPro,45.12,3.7,1012,False
P00145,Zenith Grocery Item 145,grocery,Zenith,11.04,4.2,1007,False
P00656,BrightLife Grocery Item 656,grocery,BrightLife,19.81,3.4,1006,False
P00973,UrbanCo Fashion Item 973,fashion,UrbanCo,27.83,4.4,1005,False
P00434,CoreLine Books Item 434,books,CoreLine,35.19,3.7,1005,False
P00170,UrbanCo Sports Item 170,sports,UrbanCo,79.81,3.2,1004,False
P00714,BrightLife Beauty Item 714,beauty,BrightLife,49.89,4.9,1001,False
P00342,Nova Sports Item 342,sports,Nova,94.39,3.3,991,False
P00495,FreshNest Toys Item 495,toys,FreshNest,20.54,4.3,988,False
P00995,DailyPro Beauty Item 995,beauty,DailyPro,17.57,3.0,982,False
P00933,UrbanCo Home Item 933,home,UrbanCo,87.69,3.5,970,False
P00725,Nova Books Item 725,books,Nova,10.34,3.5,969,False
P00893,Nova Fashion Item 893,fashion,Nova,58.75,3.7,968,False
P00008,UrbanCo Toys Item 8,toys,UrbanCo,36.53,4.7,963,False
P00938,Nova Fashion Item 938,fashion,Nova,39.11,4.6,962,False
P00620,Nova Grocery Item 620,grocery,Nova,10.86,3.8,962,False
P00690,BrightLife Sports Item 690,sports,BrightLife,88.11,4.4,962,False
P00260,Nova Home Item 260,home,Nova,81.63,4.8,962,False
P00077,CoreLine Toys Item 77,toys,CoreLine,41.42,4.8,955,False
P00770,DailyPro Electronics Item 770,electronics,DailyPro,192.29,4.6,952,False
P00803,CoreLine Sports Item 803,sports,CoreLine,114.14,4.6,951,False
P00974,CoreLine Home Item 974,home,CoreLine,86.7,5.0,946,False
P00687,Apex Grocery Item 687,grocery,Apex,19.42,4.6,945,False
P00513,Apex Fashion Item 513,fashion,Apex,26.5,4.1,942,False
P00814,BrightLife Books Item 814,books,BrightLife,35.05,3.6,932,False
P00317,Apex Fashion Item 317,fashion,Apex,61.04,4.4,929,False
P00778,BrightLife Books Item 778,books,BrightLife,22.66,4.0,926,False
P00517,Zenith Sports Item 517,sports,Zenith,100.35,3.5,918,False
P00700,FreshNest Sports Item 700,sports,FreshNest,69.87,4.5,916,False
P00252,CoreLine Beauty Item 252,beauty,CoreLine,36.1,3.7,911,False
P00441,UrbanCo Electronics Item 441,electronics,UrbanCo,115.21,3.2,911,False
P00199,UrbanCo Grocery Item 199,grocery,UrbanCo,20.42,4.3,909,False
P00132,UrbanCo Sports Item 132,sports,UrbanCo,91.91,3.8,906,False
P00202,BrightLife Sports Item 202,sports,BrightLife,113.0,4.6,906,False
P00019,CoreLine Fashion Item 19,fashion,CoreLine,57.39,3.8,906,False
P00087,FreshNest Fashion Item 87,fashion,FreshNest,61.55,5.0,904,False
P00668,Zenith Toys Item 668,toys,Zenith,45.08,4.2,901,False
P00113,FreshNest Beauty Item 113,beauty,FreshNest,38.65,4.7,897,False
P00662,Zenith Books Item 662,books,Zenith,13.35,3.8,888,False
P00776,Apex Beauty Item 776,beauty,Apex,34.64,3.8,885,False
P00158,Nova Beauty Item 158,beauty,Nova,30.37,3.6,884,False
P00201,UrbanCo Sports Item 201,sports,UrbanCo,118.41,4.1,882,False
P00340,BrightLife Books Item 340,books,BrightLife,27.52,5.0,876,False
P00550,BrightLife Toys Item 550,toys,BrightLife,32.88,4.5,869,False
P00219,Zenith Electronics Item 219,electronics,Zenith,153.66,3.7,862,False
P00817,Zenith Home Item 817,home,Zenith,98.34,4.6,855,False
P00235,UrbanCo Grocery Item 235,grocery,UrbanCo,24.31,4.2,851,False
P00343,Apex Toys Item 343,toys,Apex,47.04,3.5,849,False
P00619,CoreLine Books Item 619,books,CoreLine,16.87,4.3,848,False
P00279,CoreLine Beauty Item 279,beauty,CoreLine,17.57,3.7,845,False
P00490,DailyPro Fashion Item 490,fashion,DailyPro,70.09,4.6,844,False
P00413,Apex Beauty Item 413,beauty,Apex,26.43,3.5,843,False
P00047,DailyPro Home Item 47,home,DailyPro,61.49,4.9,843,False
P00628,Apex Toys Item 628,toys,Apex,45.44,4.0,840,False
P00841,FreshNest Books Item 841,books,FreshNest,17.8,4.1,838,False
P00578,Nova Books Item 578,books,Nova,28.29,3.7,838,False
P00617,CoreLine Electronics Item 617,electronics,CoreLine,77.55,3.3,836,False
P00501,Zenith Books Item 501,books,Zenith,18.78,4.2,835,False
P00223,BrightLife Books Item 223,books,BrightLife,10.16,4.7,835,False
P00431,CoreLine Fashion Item 431,fashion,CoreLine,76.84,3.6,830,False
P00722,UrbanCo Grocery Item 722,grocery,UrbanCo,19.51,4.4,825,False
P00016,Apex Grocery Item 16,grocery,Apex,12.67,3.5,824,False
P00233,CoreLine Fashion Item 233,fashion,CoreLine,53.66,3.5,818,False
P00813,UrbanCo Home Item 813,home,UrbanCo,72.87,4.5,818,False
P00886,Apex Home Item 886,home,Apex,68.05,3.6,817,False
P00349,FreshNest Beauty Item 349,beauty,FreshNest,26.25,3.5,816,False
P00697,Nova Grocery Item 697,grocery,Nova,9.5,3.8,814,False
P00332,Nova Toys Item 332,toys,Nova,37.24,3.4,805,False
P00197,BrightLife Sports Item 197,sports,BrightLife,47.19,4.4,786,False
P00979,Nova Beauty Item 979,beauty,Nova,38.37,4.7,784,False
P00767,DailyPro Toys Item 767,toys,DailyPro,50.35,4.1,784,False
P00053,BrightLife Sports Item 53,sports,BrightLife,65.29,3.9,783,False
P00874,Nova Fashion Item 874,fashion,Nova,38.09,3.8,783,False
P00546,Nova Fashion Item 546,fashion,Nova,77.05,3.0,779,False
P00921,Nova Toys Item 921,toys,Nova,26.89,3.1,776,False
P00858,FreshNest Beauty Item 858,beauty,FreshNest,23.65,4.9,774,False
P00935,FreshNest Grocery Item 935,grocery,FreshNest,7.94,3.4,772,False
P00483,DailyPro Electronics Item 483,electronics,DailyPro,105.57,3.5,771,False
P00525,CoreLine Toys Item 525,toys,CoreLine,42.37,3.2,769,False
P00555,FreshNest Fashion Item 555,fashion,FreshNest,49.76,3.8,767,False
P00821,BrightLife Sports Item 821,sports,BrightLife,77.71,3.7,767,False
P00646,BrightLife Sports Item 646,sports,BrightLife,108.34,3.4,764,False
P00907,CoreLine Fashion Item 907,fashion,CoreLine,52.02,4.3,763,False
P00408,BrightLife Sports Item 408,sports,BrightLife,113.11,3.8,762,False
P00027,FreshNest Home Item 27,home,FreshNest,93.65,5.0,760,False
P00239,Apex Books Item 239,books,Apex,11.99,4.3,756,False
P00990,UrbanCo Electronics Item 990,electronics,UrbanCo,149.13,5.0,752,False
P00904,DailyPro Home Item 904,home,DailyPro,71.47,3.4,746,False
P00164,UrbanCo Books Item 164,books,UrbanCo,32.73,3.9,746,False
P00992,CoreLine Beauty Item 992,beauty,CoreLine,45.2,3.6,745,False
P00831,DailyPro Toys Item 831,toys,DailyPro,44.26,3.3,745,False
P00365,Zenith Books Item 365,books,Zenith,21.81,4.3,743,False
P00927,DailyPro Toys Item 927,toys,DailyPro,36.89,5.0,742,False
P00533,Nova Home Item 533,home,Nova,56.13,3.9,742,False
P00951,Apex Sports Item 951,sports,Apex,67.63,4.4,741,False
P00048,UrbanCo Electronics Item 48,electronics,UrbanCo,125.4,4.2,739,False
P00616,CoreLine Toys Item 616,toys,CoreLine,36.53,4.7,733,False
P00073,Zenith Sports Item 73,sports,Zenith,41.83,3.9,733,False
P00903,Zenith Home Item 903,home,Zenith,36.08,3.4,732,False
P00301,UrbanCo Sports Item 301,sports,UrbanCo,40.03,3.4,729,False
P00777,Zenith Home Item 777,home,Zenith,59.35,4.8,726,False
P00809,DailyPro Beauty Item 809,beauty,DailyPro,19.03,4.2,725,False
P00327,DailyPro Books Item 327,books,DailyPro,29.84,4.0,723,False
P00206,UrbanCo Home Item 206,home,UrbanCo,67.15,4.6,719,False
P00754,DailyPro Books Item 754,books,DailyPro,20.73,4.3,718,False
P00677,FreshNest Home Item 677,home,FreshNest,41.63,3.2,716,False
P00830,FreshNest Beauty Item 830,beauty,FreshNest,25.82,4.5,715,False
P00335,BrightLife Books Item 335,books,BrightLife,29.63,3.4,711,False
P00156,Apex Grocery Item 156,grocery,Apex,14.98,4.8,709,False
P00692,Nova Fashion Item 692,fashion,Nova,23.18,4.9,704,False
P00707,FreshNest Home Item 707,home,FreshNest,65.68,4.2,701,False
P00045,BrightLife Electronics Item 45,electronics,BrightLife,68.92,4.2,698,False
P00373,FreshNest Home Item 373,home,FreshNest,53.93,3.8,698,False
P00421,Zenith Electronics Item 421,electronics,Zenith,143.58,3.6,697,False
P00524,CoreLine Electronics Item 524,electronics,CoreLine,139.03,4.3,695,False
P00945,Zenith Books Item 945,books,Zenith,16.14,5.0,695,False
P00884,BrightLife Fashion Item 884,fashion,BrightLife,67.59,3.5,692,False
P00673,UrbanCo Home Item 673,home,UrbanCo,52.05,4.6,688,False
P00409,Zenith Books Item 409,books,Zenith,16.8,4.0,687,False
P00484,FreshNest Fashion Item 484,fashion,FreshNest,55.59,4.5,683,False
P00481,CoreLine Sports Item 481,sports,CoreLine,131.47,4.0,683,False
P00500,DailyPro Toys Item 500,toys,DailyPro,52.76,4.6,682,False
P00242,UrbanCo Fashion Item 242,fashion,UrbanCo,32.86,4.5,681,False
P00693,FreshNest Grocery Item 693,grocery,FreshNest,24.45,3.1,676,False
P00473,FreshNest Sports Item 473,sports,FreshNest,48.61,4.3,672,False
P00118,DailyPro Electronics Item 118,electronics,DailyPro,73.36,4.4,670,False
P00168,BrightLife Toys Item 168,toys,BrightLife,39.45,4.8,669,False
P00763,FreshNest Grocery Item 763,grocery,FreshNest,16.18,4.5,667,False
P00229,UrbanCo Toys Item 229,toys,UrbanCo,26.05,4.4,666,False
P00897,Apex Fashion Item 897,fashion,Apex,73.6,3.4,664,False
P00227,UrbanCo Electronics Item 227,electronics,UrbanCo,102.45,4.3,664,False
P00096,DailyPro Toys Item 96,toys,DailyPro,34.04,3.5,664,False
P00626,DailyPro Grocery Item 626,grocery,DailyPro,25.31,3.8,662,False
P00480,Nova Grocery Item 480,grocery,Nova,24.38,4.9,662,False
P00599,BrightLife Home Item 599,home,BrightLife,76.33,4.2,659,False
P00819,FreshNest Grocery Item 819,grocery,FreshNest,24.98,4.7,657,False
P00267,Apex Sports Item 267,sports,Apex,122.62,3.1,655,False
P00684,Zenith Grocery Item 684,grocery,Zenith,23.8,4.4,650,False
P00508,UrbanCo Toys Item 508,toys,UrbanCo,42.44,3.0,647,False
P00980,FreshNest Electronics Item 980,electronics,FreshNest,97.11,4.2,645,False
P00359,CoreLine Fashion Item 359,fashion,CoreLine,60.69,4.8,645,False
P00670,FreshNest Toys Item 670,toys,FreshNest,29.83,4.1,643,False
P00215,BrightLife Beauty Item 215,beauty,BrightLife,60.89,4.4,642,False
P00155,Zenith Beauty Item 155,beauty,Zenith,36.4,4.0,639,False
P00345,CoreLine Sports Item 345,sports,CoreLine,86.43,4.2,637,False
P00522,BrightLife Toys Item 522,toys,BrightLife,36.31,3.3,636,False
P00128,UrbanCo Grocery Item 128,grocery,UrbanCo,24.52,4.1,633,False
P00958,FreshNest Home Item 958,home,FreshNest,40.46,4.7,632,False
P00900,FreshNest Sports Item 900,sports,FreshNest,128.02,4.7,631,False
P00308,Nova Grocery Item 308,grocery,Nova,14.54,4.1,629,False
P00191,DailyPro Books Item 191,books,DailyPro,26.84,4.3,624,False
P00012,Apex Home Item 12,home,Apex,71.66,3.5,620,False
P00099,UrbanCo Electronics Item 99,electronics,UrbanCo,160.27,3.3,619,False
P00174,FreshNest Sports Item 174,sports,FreshNest,126.5,3.3,618,False
P00877,DailyPro Grocery Item 877,grocery,DailyPro,21.88,3.1,617,False
P00067,FreshNest Electronics Item 67,electronics,FreshNest,94.7,4.6,616,False
P00833,FreshNest Fashion Item 833,fashion,FreshNest,79.63,4.4,616,False
P00743,UrbanCo Toys Item 743,toys,UrbanCo,44.13,3.3,614,False
P00497,Zenith Toys Item 497,toys,Zenith,42.09,4.8,606,False
P00375,DailyPro Sports Item 375,sports,DailyPro,130.84,4.0,606,False
P00211,CoreLine Books Item 211,books,CoreLine,35.86,4.1,604,False
P00529,DailyPro Electronics Item 529,electronics,DailyPro,73.45,3.9,603,False
P00712,CoreLine Beauty Item 712,beauty,CoreLine,61.34,4.9,603,False
P00245,BrightLife Electronics Item 245,electronics,BrightLife,139.14,3.6,601,False
P00759,UrbanCo Beauty Item 759,beauty,UrbanCo,58.46,3.6,599,False
P00270,UrbanCo Toys Item 270,toys,UrbanCo,51.91,3.4,599,False
P00745,DailyPro Home Item 745,home,DailyPro,101.06,3.8,599,False
P00324,BrightLife Home Item 324,home,BrightLife,48.86,3.2,597,False
P00294,CoreLine Grocery Item 294,grocery,CoreLine,10.75,3.9,592,False
P00567,DailyPro Books Item 567,books,DailyPro,33.62,3.5,590,False
P00695,CoreLine Toys Item 695,toys,CoreLine,46.87,3.2,587,False
P00624,DailyPro Home Item 624,home,DailyPro,40.48,4.9,585,False
P00855,Zenith Toys Item 855,toys,Zenith,23.94,4.5,585,False
P00196,Zenith Toys Item 196,toys,Zenith,16.28,3.7,585,False
P00150,BrightLife Sports Item 150,sports,BrightLife,98.21,4.0,583,False
P00860,FreshNest Books Item 860,books,FreshNest,24.03,4.6,583,False
P00379,Apex Sports Item 379,sports,Apex,53.54,4.7,583,False
P00503,Nova Grocery Item 503,grocery,Nova,9.92,4.7,582,False
P00265,BrightLife Sports Item 265,sports,BrightLife,103.63,4.1,580,False
P00607,BrightLife Toys Item 607,toys,BrightLife,22.28,3.1,579,False
P00962,UrbanCo Sports Item 962,sports,UrbanCo,54.77,4.9,578,False
P00297,Apex Electronics Item 297,electronics,Apex,192.39,4.4,576,False
P00030,CoreLine Beauty Item 30,beauty,CoreLine,62.78,4.3,576,False
P00888,Zenith Fashion Item 888,fashion,Zenith,75.07,4.0,575,False
P00289,BrightLife Electronics Item 289,electronics,BrightLife,102.62,4.6,574,False
P00234,UrbanCo Books Item 234,books,UrbanCo,20.32,4.5,573,False
P00551,CoreLine Fashion Item 551,fashion,CoreLine,26.88,4.1,570,False
P00881,DailyPro Electronics Item 881,electronics,DailyPro,211.83,3.5,569,False
P00232,BrightLife Beauty Item 232,beauty,BrightLife,22.96,4.0,563,False
P00059,Apex Beauty Item 59,beauty,Apex,51.23,4.1,558,False
P00489,BrightLife Sports Item 489,sports,BrightLife,121.45,4.2,558,False
P00963,BrightLife Grocery Item 963,grocery,BrightLife,24.4,4.8,557,False
P00214,CoreLine Grocery Item 214,grocery,CoreLine,15.61,3.2,556,False
P00566,CoreLine Toys Item 566,toys,CoreLine,34.35,3.8,556,False
P00797,BrightLife Sports Item 797,sports,BrightLife,77.36,3.2,555,False
P00613,DailyPro Fashion Item 613,fashion,DailyPro,69.79,3.3,550,False
P00847,Apex Fashion Item 847,fashion,Apex,59.97,4.9,547,False
P00872,Apex Home Item 872,home,Apex,31.15,3.4,545,False
P00548,UrbanCo Beauty Item 548,beauty,UrbanCo,26.84,5.0,544,False
P00836,BrightLife Books Item 836,books,BrightLife,14.78,3.8,543,False
P00610,Nova Sports Item 610,sports,Nova,119.48,4.6,542,False
P00672,Zenith Home Item 672,home,Zenith,78.58,4.4,542,False
P00984,BrightLife Beauty Item 984,beauty,BrightLife,59.38,3.1,539,False
P00919,BrightLife Electronics Item 919,electronics,BrightLife,114.28,4.6,538,False
P00901,BrightLife Electronics Item 901,electronics,BrightLife,147.05,4.9,537,False
P00157,UrbanCo Fashion Item 157,fashion,UrbanCo,38.66,4.6,536,False
P00996,DailyPro Home Item 996,home,DailyPro,92.37,5.0,534,False
P00609,UrbanCo Home Item 609,home,UrbanCo,82.12,4.6,534,False
P00357,DailyPro Electronics Item 357,electronics,DailyPro,159.52,3.1,533,False
P00149,Nova Toys Item 149,toys,Nova,40.65,4.1,533,False
P00492,UrbanCo Beauty Item 492,beauty,UrbanCo,23.67,4.5,530,False
P00688,FreshNest Fashion Item 688,fashion,FreshNest,76.34,3.2,529,False
P00420,FreshNest Grocery Item 420,grocery,FreshNest,7.81,4.1,529,False
P00136,Apex Sports Item 136,sports,Apex,91.32,3.3,525,False
P00440,CoreLine Fashion Item 440,fashion,CoreLine,48.76,4.1,524,False
P00683,BrightLife Home Item 683,home,BrightLife,93.57,3.4,512,False
P00925,Nova Grocery Item 925,grocery,Nova,18.19,3.5,508,False
P00068,DailyPro Beauty Item 68,beauty,DailyPro,27.64,4.3,508,False
P00605,FreshNest Home Item 605,home,FreshNest,95.81,3.6,506,False
P00423,Zenith Sports Item 423,sports,Zenith,116.98,3.5,505,False
P00407,DailyPro Grocery Item 407,grocery,DailyPro,21.06,4.4,505,False
P00769,Apex Beauty Item 769,beauty,Apex,38.64,4.0,505,False
P00999,Nova Books Item 999,books,Nova,12.96,3.7,504,False
P00179,Zenith Beauty Item 179,beauty,Zenith,18.5,4.7,503,False
P00882,Apex Electronics Item 882,electronics,Apex,183.92,4.2,503,False
P00328,Zenith Grocery Item 328,grocery,Zenith,17.2,3.2,499,False
P00602,Zenith Beauty Item 602,beauty,Zenith,31.03,3.2,499,False
P00388,BrightLife Fashion Item 388,fashion,BrightLife,29.44,5.0,499,False
P00947,Zenith Electronics Item 947,electronics,Zenith,95.19,3.7,498,False
P00255,Zenith Books Item 255,books,Zenith,35.16,4.4,497,False
P00042,Nova Toys Item 42,toys,Nova,21.42,3.0,494,False
P00939,FreshNest Electronics Item 939,electronics,FreshNest,162.14,3.0,492,False
P00572,BrightLife Grocery Item 572,grocery,BrightLife,25.3,4.0,491,False
P00576,DailyPro Electronics Item 576,electronics,DailyPro,149.81,5.0,491,False
P00966,CoreLine Sports Item 966,sports,CoreLine,133.42,3.1,490,False
P00894,UrbanCo Books Item 894,books,UrbanCo,27.12,4.1,490,False
P00281,CoreLine Electronics Item 281,electronics,CoreLine,196.24,3.1,489,False
P00253,UrbanCo Books Item 253,books,UrbanCo,18.57,4.1,488,False
P00072,CoreLine Books Item 72,books,CoreLine,25.76,4.0,486,False
P00876,UrbanCo Electronics Item 876,electronics,UrbanCo,212.04,4.4,485,False
P00806,BrightLife Sports Item 806,sports,BrightLife,45.3,3.1,485,False
P00659,CoreLine Toys Item 659,toys,CoreLine,30.73,4.9,483,False
P00875,DailyPro Fashion Item 875,fashion,DailyPro,74.9,3.5,480,False
P00918,Zenith Home Item 918,home,Zenith,32.91,4.6,480,False
P00749,UrbanCo Beauty Item 749,beauty,UrbanCo,30.31,4.9,480,False
P00010,UrbanCo Beauty Item 10,beauty,UrbanCo,56.42,4.7,478,False
P00352,Zenith Beauty Item 352,beauty,Zenith,23.05,4.4,477,False
P00892,FreshNest Books Item 892,books,FreshNest,10.02,4.3,476,False
P00587,DailyPro Books Item 587,books,DailyPro,27.3,4.6,475,False
P00887,FreshNest Books Item 887,books,FreshNest,29.06,3.0,474,False
P00435,FreshNest Grocery Item 435,grocery,FreshNest,11.95,4.1,470,False
P00271,Nova Books Item 271,books,Nova,20.79,3.8,468,False
P00299,Apex Electronics Item 299,electronics,Apex,165.93,4.9,465,False
P00225,CoreLine Sports Item 225,sports,CoreLine,78.43,3.7,462,False
P00323,BrightLife Books Item 323,books,BrightLife,35.36,3.3,462,False
P00110,Nova Home Item 110,home,Nova,57.08,3.9,462,False
P00543,BrightLife Beauty Item 543,beauty,BrightLife,21.43,3.9,460,False
P00544,Zenith Beauty Item 544,beauty,Zenith,51.15,3.5,459,False
P00374,UrbanCo Beauty Item 374,beauty,UrbanCo,46.56,4.9,458,False
P00472,UrbanCo Home Item 472,home,UrbanCo,92.36,4.1,455,False
P00798,Zenith Beauty Item 798,beauty,Zenith,56.4,3.8,455,False
P00331,Zenith Fashion Item 331,fashion,Zenith,65.06,4.5,455,False
P00251,FreshNest Grocery Item 251,grocery,FreshNest,17.72,4.2,452,False
P00025,BrightLife Electronics Item 25,electronics,BrightLife,136.22,3.2,450,False
P00257,UrbanCo Fashion Item 257,fashion,UrbanCo,60.29,3.8,449,False
P00298,UrbanCo Fashion Item 298,fashion,UrbanCo,36.31,4.3,449,False
P00843,UrbanCo Grocery Item 843,grocery,UrbanCo,16.27,3.7,447,False
P00125,UrbanCo Beauty Item 125,beauty,UrbanCo,55.38,3.6,447,False
P00880,Zenith Home Item 880,home,Zenith,67.54,3.6,446,False
P00571,Nova Sports Item 571,sports,Nova,133.97,4.6,444,False
P00721,Zenith Electronics Item 721,electronics,Zenith,91.82,4.1,444,False
P00178,FreshNest Toys Item 178,toys,FreshNest,19.16,3.8,444,False
P00674,Zenith Sports Item 674,sports,Zenith,118.57,4.9,443,False
P00574,Nova Beauty Item 574,beauty,Nova,54.29,3.9,442,False
P00558,Apex Books Item 558,books,Apex,12.37,3.5,439,False
P00459,UrbanCo Home Item 459,home,UrbanCo,89.98,4.3,438,False
P00063,DailyPro Books Item 63,books,DailyPro,27.73,4.3,436,False
P00811,UrbanCo Fashion Item 811,fashion,UrbanCo,80.81,4.6,435,False
P00415,FreshNest Grocery Item 415,grocery,FreshNest,16.49,4.5,434,False
P00734,CoreLine Fashion Item 734,fashion,CoreLine,54.27,3.8,429,False
P00465,FreshNest Books Item 465,books,FreshNest,30.39,4.0,428,False
P00464,UrbanCo Home Item 464,home,UrbanCo,94.84,4.5,428,False
P00929,UrbanCo Home Item 929,home,UrbanCo,82.4,3.8,428,False
P00889,FreshNest Beauty Item 889,beauty,FreshNest,26.13,3.4,427,False
P00474,CoreLine Books Item 474,books,CoreLine,25.89,4.2,427,False
P00832,FreshNest Toys Item 832,toys,FreshNest,51.65,3.1,426,False
P00071,Zenith Fashion Item 71,fashion,Zenith,24.74,4.2,424,False
P00715,DailyPro Sports Item 715,sports,DailyPro,98.36,3.6,423,False
P00311,UrbanCo Books Item 311,books,UrbanCo,21.7,4.4,422,False
P00398,CoreLine Fashion Item 398,fashion,CoreLine,55.02,3.1,422,False
P00664,CoreLine Books Item 664,books,CoreLine,33.09,5.0,419,False
P00056,Zenith Fashion Item 56,fashion,Zenith,38.98,3.4,419,False
P00597,BrightLife Electronics Item 597,electronics,BrightLife,100.74,3.2,418,False
P00816,UrbanCo Toys Item 816,toys,UrbanCo,36.79,4.0,415,False
P00238,UrbanCo Toys Item 238,toys,UrbanCo,30.43,3.6,414,False
P00213,CoreLine Sports Item 213,sports,CoreLine,81.53,3.5,413,False
P00166,UrbanCo Fashion Item 166,fashion,UrbanCo,49.97,4.9,413,False
P00414,FreshNest Sports Item 414,sports,FreshNest,91.19,4.9,411,False
P00367,Zenith Grocery Item 367,grocery,Zenith,21.51,3.0,411,False
P00115,FreshNest Sports Item 115,sports,FreshNest,93.06,4.3,410,False
P00924,Zenith Toys Item 924,toys,Zenith,45.67,3.3,409,False
P00283,UrbanCo Sports Item 283,sports,UrbanCo,112.72,4.5,404,False
P00405,DailyPro Sports Item 405,sports,DailyPro,84.24,4.7,404,False
P00159,Apex Grocery Item 159,grocery,Apex,16.21,4.0,404,False
P00065,CoreLine Fashion Item 65,fashion,CoreLine,23.95,4.5,403,False
P00468,DailyPro Fashion Item 468,fashion,DailyPro,52.69,4.1,401,False
P00366,FreshNest Fashion Item 366,fashion,FreshNest,38.46,4.6,401,False
P00873,BrightLife Grocery Item 873,grocery,BrightLife,16.54,4.6,400,False
P00217,Nova Fashion Item 217,fashion,Nova,56.81,4.1,399,False
P00256,Zenith Home Item 256,home,Zenith,73.6,4.3,398,False
P00337,Apex Grocery Item 337,grocery,Apex,19.32,4.0,397,False
P00100,Zenith Electronics Item 100,electronics,Zenith,119.14,3.4,395,False
P00845,Apex Sports Item 845,sports,Apex,132.99,3.6,393,False
P00236,Zenith Toys Item 236,toys,Zenith,19.49,3.0,392,False
P00148,Nova Toys Item 148,toys,Nova,32.74,3.6,390,False
P00716,Apex Fashion Item 716,fashion,Apex,51.98,4.4,389,False
P00710,CoreLine Home Item 710,home,CoreLine,81.29,4.2,388,False
P00146,UrbanCo Grocery Item 146,grocery,UrbanCo,16.67,3.8,387,False
P00869,Zenith Grocery Item 869,grocery,Zenith,21.16,4.0,386,False
P00760,Apex Beauty Item 760,beauty,Apex,43.23,3.7,380,False
P00479,Apex Fashion Item 479,fashion,Apex,51.14,3.3,377,False
P00848,UrbanCo Toys Item 848,toys,UrbanCo,18.09,3.7,376,False
P00823,UrbanCo Books Item 823,books,UrbanCo,24.42,3.4,376,False
P00878,DailyPro Home Item 878,home,DailyPro,66.88,4.4,374,False
P00627,Nova Books Item 627,books,Nova,23.4,3.3,372,False
P00075,UrbanCo Books Item 75,books,UrbanCo,28.71,3.6,370,False
P00859,CoreLine Grocery Item 859,grocery,CoreLine,17.71,4.3,370,False
P00140,Apex Beauty Item 140,beauty,Apex,20.75,3.3,367,False
P00120,Zenith Home Item 120,home,Zenith,47.28,4.4,365,False
P00967,DailyPro Electronics Item 967,electronics,DailyPro,105.42,3.8,363,False
P00943,Nova Grocery Item 943,grocery,Nova,8.28,4.8,363,False
P00753,CoreLine Electronics Item 753,electronics,CoreLine,143.8,4.9,363,False
P00930,BrightLife Books Item 930,books,BrightLife,25.44,3.0,363,False
P00131,Apex Electronics Item 131,electronics,Apex,83.27,4.1,362,False
P00518,Nova Beauty Item 518,beauty,Nova,56.08,4.3,359,False
P00371,FreshNest Sports Item 371,sports,FreshNest,110.99,4.9,359,False
P00912,Nova Beauty Item 912,beauty,Nova,41.05,5.0,359,False
P00177,CoreLine Beauty Item 177,beauty,CoreLine,48.91,3.9,359,False
P00639,BrightLife Toys Item 639,toys,BrightLife,32.9,3.4,359,False
P00671,DailyPro Fashion Item 671,fashion,DailyPro,63.17,4.3,358,False
P00998,Zenith Sports Item 998,sports,Zenith,62.31,3.1,357,False
P00399,BrightLife Toys Item 399,toys,BrightLife,42.16,3.8,356,False
P00475,Apex Grocery Item 475,grocery,Apex,23.37,4.4,353,False
P00463,BrightLife Fashion Item 463,fashion,BrightLife,80.87,4.0,350,False
P00293,BrightLife Beauty Item 293,beauty,BrightLife,22.17,3.7,350,False
P00021,Zenith Home Item 21,home,Zenith,89.95,3.7,347,False
P00702,BrightLife Books Item 702,books,BrightLife,31.58,4.9,345,False
P00450,Apex Books Item 450,books,Apex,35.08,4.9,344,False
P00663,UrbanCo Fashion Item 663,fashion,UrbanCo,70.69,3.6,343,False
P00305,BrightLife Books Item 305,books,BrightLife,28.45,4.1,343,False
P00353,BrightLife Toys Item 353,toys,BrightLife,52.23,4.6,343,False
P00491,Apex Beauty Item 491,beauty,Apex,32.23,4.4,341,False
P00147,Apex Home Item 147,home,Apex,55.72,4.4,339,False
P00151,DailyPro Electronics Item 151,electronics,DailyPro,101.66,3.3,339,False
P00169,UrbanCo Electronics Item 169,electronics,UrbanCo,96.62,4.4,338,False
P00078,CoreLine Beauty Item 78,beauty,CoreLine,42.43,3.0,338,False
P00384,UrbanCo Electronics Item 384,electronics,UrbanCo,213.84,3.9,338,False
P00618,UrbanCo Home Item 618,home,UrbanCo,73.89,3.2,337,False
P00846,FreshNest Grocery Item 846,grocery,FreshNest,24.85,3.8,337,False
P00288,Zenith Grocery Item 288,grocery,Zenith,8.21,4.3,337,False
P00090,DailyPro Grocery Item 90,grocery,DailyPro,12.85,3.2,336,False
P00314,BrightLife Sports Item 314,sports,BrightLife,129.88,4.0,334,False
P00137,Zenith Grocery Item 137,grocery,Zenith,8.14,3.6,332,False
P00764,Apex Home Item 764,home,Apex,80.35,3.2,329,False
P00333,CoreLine Home Item 333,home,CoreLine,69.33,4.5,328,False
P00471,CoreLine Toys Item 471,toys,CoreLine,15.17,3.4,326,False
P00117,Zenith Books Item 117,books,Zenith,32.89,4.4,323,False
P00638,Zenith Beauty Item 638,beauty,Zenith,49.93,4.4,322,False
P00444,FreshNest Beauty Item 444,beauty,FreshNest,24.14,3.3,322,False
P00244,FreshNest Home Item 244,home,FreshNest,64.49,3.6,321,False
P00315,Zenith Home Item 315,home,Zenith,45.31,4.9,320,False
P00867,Zenith Beauty Item 867,beauty,Zenith,47.0,4.1,313,False
P00835,Zenith Books Item 835,books,Zenith,14.87,3.5,313,False
P00443,Apex Sports Item 443,sports,Apex,104.32,3.3,313,False
P00635,DailyPro Sports Item 635,sports,DailyPro,100.62,4.4,313,False
P00682,BrightLife Books Item 682,books,BrightLife,33.26,4.9,312,False
P00291,FreshNest Grocery Item 291,grocery,FreshNest,14.66,4.6,310,False
P00575,Apex Sports Item 575,sports,Apex,47.26,4.3,309,False
P00049,DailyPro Beauty Item 49,beauty,DailyPro,47.97,3.6,308,False
P00188,BrightLife Toys Item 188,toys,BrightLife,18.52,3.8,307,False
P00189,FreshNest Home Item 189,home,FreshNest,58.75,4.5,304,False
P00487,Zenith Sports Item 487,sports,Zenith,122.79,3.1,304,False
P00370,FreshNest Fashion Item 370,fashion,FreshNest,41.43,3.5,302,False
P00815,FreshNest Sports Item 815,sports,FreshNest,128.15,4.1,302,False
P00650,CoreLine Beauty Item 650,beauty,CoreLine,53.36,3.7,301,False
P00633,BrightLife Grocery Item 633,grocery,BrightLife,14.21,4.7,299,False
P00648,Zenith Fashion Item 648,fashion,Zenith,28.21,3.3,299,False
P00795,Zenith Home Item 795,home,Zenith,76.67,4.1,298,False
P00915,BrightLife Beauty Item 915,beauty,BrightLife,57.98,3.5,296,False
P00354,UrbanCo Beauty Item 354,beauty,UrbanCo,33.26,3.9,296,False
P00729,Zenith Beauty Item 729,beauty,Zenith,23.42,4.2,294,False
P00800,Apex Grocery Item 800,grocery,Apex,14.72,4.1,292,False
P00455,FreshNest Toys Item 455,toys,FreshNest,20.43,3.6,291,False
P00101,Zenith Toys Item 101,toys,Zenith,44.33,4.7,290,False
P00122,BrightLife Books Item 122,books,BrightLife,28.27,3.5,289,False
P00592,BrightLife Home Item 592,home,BrightLife,64.84,3.5,287,False
P00661,Nova Sports Item 661,sports,Nova,103.48,4.3,286,False
P00250,UrbanCo Books Item 250,books,UrbanCo,23.12,3.3,284,False
P00390,CoreLine Grocery Item 390,grocery,CoreLine,17.87,4.6,284,False
P00320,Zenith Grocery Item 320,grocery,Zenith,20.02,3.6,280,False
P00981,FreshNest Toys Item 981,toys,FreshNest,18.1,4.2,280,False
P00237,BrightLife Grocery Item 237,grocery,BrightLife,9.22,4.7,278,False
P00825,FreshNest Sports Item 825,sports,FreshNest,109.37,3.5,277,False
P00736,Nova Grocery Item 736,grocery,Nova,9.74,3.7,274,False
P00866,DailyPro Toys Item 866,toys,DailyPro,25.26,3.8,273,False
P00356,Apex Beauty Item 356,beauty,Apex,22.47,4.5,273,False
P00033,Nova Home Item 33,home,Nova,97.05,3.1,271,False
P00758,BrightLife Grocery Item 758,grocery,BrightLife,14.46,4.3,267,False
P00394,DailyPro Electronics Item 394,electronics,DailyPro,175.52,3.8,267,False
P00395,Nova Sports Item 395,sports,Nova,51.16,5.0,266,False
P00263,Zenith Grocery Item 263,grocery,Zenith,22.17,4.6,266,False
P00994,FreshNest Grocery Item 994,grocery,FreshNest,23.26,4.8,264,False
P00580,Apex Beauty Item 580,beauty,Apex,39.81,3.2,264,False
P00418,Nova Electronics Item 418,electronics,Nova,124.33,4.7,263,False
P00428,UrbanCo Books Item 428,books,UrbanCo,33.26,4.8,261,False
P00009,DailyPro Books Item 9,books,DailyPro,28.32,3.1,258,False
P00649,BrightLife Fashion Item 649,fashion,BrightLife,60.78,3.4,252,False
P00694,BrightLife Sports Item 694,sports,BrightLife,132.09,3.1,251,False
P00701,FreshNest Books Item 701,books,FreshNest,12.96,4.5,250,False
P00761,Apex Toys Item 761,toys,Apex,15.19,3.5,250,False
P00820,UrbanCo Beauty Item 820,beauty,UrbanCo,34.91,4.6,248,False
P00017,CoreLine Beauty Item 17,beauty,CoreLine,58.35,3.8,247,False
P00105,FreshNest Fashion Item 105,fashion,FreshNest,61.66,4.1,245,False
P00916,UrbanCo Beauty Item 916,beauty,UrbanCo,43.46,4.1,245,False
P00523,Nova Home Item 523,home,Nova,75.81,3.0,243,False
P00302,Zenith Home Item 302,home,Zenith,90.45,4.4,241,False
P00079,BrightLife Toys Item 79,toys,BrightLife,33.13,3.9,240,False
P00041,DailyPro Home Item 41,home,DailyPro,42.97,4.0,240,False
P00741,UrbanCo Electronics Item 741,electronics,UrbanCo,92.88,4.3,239,False
P00093,BrightLife Toys Item 93,toys,BrightLife,36.16,3.8,231,False
P00410,FreshNest Home Item 410,home,FreshNest,89.41,3.6,227,False
P00978,Apex Beauty Item 978,beauty,Apex,22.85,3.3,226,False
P00961,CoreLine Beauty Item 961,beauty,CoreLine,27.63,4.3,226,False
P00449,Zenith Fashion Item 449,fashion,Zenith,41.26,4.9,224,False
P00286,Nova Grocery Item 286,grocery,Nova,13.22,3.1,222,False
P00630,FreshNest Electronics Item 630,electronics,FreshNest,67.89,3.7,222,False
P00926,Apex Toys Item 926,toys,Apex,44.72,4.0,220,False
P00470,CoreLine Toys Item 470,toys,CoreLine,16.14,4.2,219,False
P00755,Apex Fashion Item 755,fashion,Apex,35.42,4.7,216,False
P00083,FreshNest Home Item 83,home,FreshNest,62.33,4.3,216,False
P00035,DailyPro Grocery Item 35,grocery,DailyPro,22.8,4.6,211,False
P00403,BrightLife Grocery Item 403,grocery,BrightLife,9.3,4.4,211,False
P00601,Nova Fashion Item 601,fashion,Nova,28.42,3.4,210,False
P00248,FreshNest Electronics Item 248,electronics,FreshNest,201.81,4.1,208,False
P00942,FreshNest Books Item 942,books,FreshNest,32.54,4.1,206,False
P00046,Nova Fashion Item 46,fashion,Nova,78.71,3.2,205,False
P00369,BrightLife Toys Item 369,toys,BrightLife,18.38,4.3,204,False
P00606,Zenith Grocery Item 606,grocery,Zenith,9.28,4.1,204,False
P00956,Apex Beauty Item 956,beauty,Apex,52.95,3.2,204,False
P00469,FreshNest Toys Item 469,toys,FreshNest,24.04,3.8,203,False
P00784,Apex Electronics Item 784,electronics,Apex,68.72,3.5,198,False
P00837,BrightLife Books Item 837,books,BrightLife,32.21,3.6,198,False
P00971,CoreLine Fashion Item 971,fashion,CoreLine,46.69,3.9,197,False
P00632,DailyPro Electronics Item 632,electronics,DailyPro,118.1,4.2,195,False
P00530,Zenith Electronics Item 530,electronics,Zenith,163.91,4.3,193,False
P00284,BrightLife Electronics Item 284,electronics,BrightLife,145.18,4.6,192,False
P00144,Zenith Electronics Item 144,electronics,Zenith,149.89,4.5,192,False
P00241,DailyPro Fashion Item 241,fashion,DailyPro,28.51,3.5,190,False
P00612,Apex Electronics Item 612,electronics,Apex,78.76,4.5,189,False
P00975,CoreLine Fashion Item 975,fashion,CoreLine,54.7,3.1,187,False
P00657,FreshNest Electronics Item 657,electronics,FreshNest,102.67,4.5,184,False
P00565,UrbanCo Books Item 565,books,UrbanCo,11.11,3.9,183,False
P00482,CoreLine Grocery Item 482,grocery,CoreLine,21.35,3.9,183,False
P00028,Apex Fashion Item 28,fashion,Apex,61.1,4.9,180,False
P00064,Apex Toys Item 64,toys,Apex,51.1,3.5,177,False
P00266,CoreLine Beauty Item 266,beauty,CoreLine,40.38,3.8,176,False
P00802,DailyPro Home Item 802,home,DailyPro,64.83,4.4,176,False
P00783,DailyPro Electronics Item 783,electronics,DailyPro,66.73,4.1,175,False
P00321,Zenith Toys Item 321,toys,Zenith,32.69,4.4,172,False
P00914,Apex Beauty Item 914,beauty,Apex,21.79,3.9,169,False
P00554,Apex Sports Item 554,sports,Apex,113.54,4.2,168,False
P00154,FreshNest Home Item 154,home,FreshNest,103.87,4.3,167,False
P00730,FreshNest Books Item 730,books,FreshNest,28.45,3.3,166,False
P00104,DailyPro Electronics Item 104,electronics,DailyPro,91.1,3.0,165,False
P00344,DailyPro Home Item 344,home,DailyPro,31.48,3.6,164,False
P00243,BrightLife Grocery Item 243,grocery,BrightLife,24.35,4.3,163,False
P00653,Zenith Toys Item 653,toys,Zenith,31.11,4.7,163,False
P00608,DailyPro Beauty Item 608,beauty,DailyPro,55.59,4.1,163,False
P00139,CoreLine Sports Item 139,sports,CoreLine,48.69,3.4,161,False
P00422,Apex Toys Item 422,toys,Apex,19.17,3.2,161,False
P00269,Apex Home Item 269,home,Apex,51.28,4.8,159,False
P00720,Apex Beauty Item 720,beauty,Apex,62.25,4.4,158,False
P00172,Nova Books Item 172,books,Nova,17.63,3.7,157,False
P00952,CoreLine Fashion Item 952,fashion,CoreLine,80.75,5.0,156,False
P00322,FreshNest Toys Item 322,toys,FreshNest,33.11,3.7,155,False
P00254,Apex Beauty Item 254,beauty,Apex,32.67,4.2,152,False
P00703,UrbanCo Books Item 703,books,UrbanCo,11.19,3.3,151,False
P00038,DailyPro Home Item 38,home,DailyPro,44.94,4.1,151,False
P00001,Nova Home Item 1,home,Nova,87.84,3.5,150,False
P00307,DailyPro Books Item 307,books,DailyPro,13.16,3.4,149,False
P00950,FreshNest Books Item 950,books,FreshNest,24.1,3.4,149,False
P00801,BrightLife Beauty Item 801,beauty,BrightLife,52.73,3.8,148,False
P00477,Apex Books Item 477,books,Apex,23.28,3.8,148,False
P00091,BrightLife Beauty Item 91,beauty,BrightLife,32.05,4.1,148,False
P00959,Apex Books Item 959,books,Apex,32.16,4.0,147,False
P00193,UrbanCo Grocery Item 193,grocery,UrbanCo,9.4,4.8,145,False
P00439,FreshNest Beauty Item 439,beauty,FreshNest,33.88,3.5,142,False
P00184,BrightLife Beauty Item 184,beauty,BrightLife,51.51,3.4,141,False
P00521,Nova Home Item 521,home,Nova,106.98,4.9,141,False
P00504,CoreLine Electronics Item 504,electronics,CoreLine,91.56,4.4,141,False
P00510,UrbanCo Books Item 510,books,UrbanCo,35.69,3.8,141,False
P00183,FreshNest Beauty Item 183,beauty,FreshNest,19.02,3.7,140,False
P00058,Zenith Toys Item 58,toys,Zenith,16.72,3.7,140,False
P00666,Nova Toys Item 666,toys,Nova,23.91,4.5,140,False
P00658,FreshNest Fashion Item 658,fashion,FreshNest,68.43,4.6,138,False
P00061,BrightLife Electronics Item 61,electronics,BrightLife,150.87,3.3,136,False
P00076,BrightLife Toys Item 76,toys,BrightLife,30.69,3.6,136,False
P00210,UrbanCo Home Item 210,home,UrbanCo,55.12,3.3,134,False
P00200,Nova Electronics Item 200,electronics,Nova,182.74,3.5,134,False
P00268,UrbanCo Books Item 268,books,UrbanCo,28.5,4.0,133,False
P00631,FreshNest Books Item 631,books,FreshNest,23.13,4.3,132,False
P00752,Nova Books Item 752,books,Nova,24.39,4.1,131,False
P00198,Nova Books Item 198,books,Nova,20.35,3.4,130,False
P00276,UrbanCo Toys Item 276,toys,UrbanCo,45.27,3.5,129,False
P00086,Nova Grocery Item 86,grocery,Nova,18.37,4.8,129,False
P00704,UrbanCo Toys Item 704,toys,UrbanCo,24.92,3.4,128,False
P00556,FreshNest Sports Item 556,sports,FreshNest,67.56,3.5,127,False
P00696,UrbanCo Grocery Item 696,grocery,UrbanCo,24.2,3.9,126,False
P00746,CoreLine Toys Item 746,toys,CoreLine,27.34,3.8,125,False
P00406,DailyPro Electronics Item 406,electronics,DailyPro,206.2,4.9,124,False
P00476,Apex Home Item 476,home,Apex,54.43,3.5,124,False
P00186,Zenith Grocery Item 186,grocery,Zenith,22.06,3.7,122,False
P00228,CoreLine Grocery Item 228,grocery,CoreLine,12.83,4.5,120,False
P00781,DailyPro Home Item 781,home,DailyPro,62.34,3.7,120,False
P00934,Zenith Fashion Item 934,fashion,Zenith,23.3,4.4,117,False
P00018,FreshNest Fashion Item 18,fashion,FreshNest,27.82,3.1,116,False
P00467,UrbanCo Electronics Item 467,electronics,UrbanCo,63.52,3.7,115,False
P00066,DailyPro Toys Item 66,toys,DailyPro,25.41,4.6,114,False
P00220,Apex Sports Item 220,sports,Apex,101.53,3.4,114,False
P00330,FreshNest Grocery Item 330,grocery,FreshNest,13.07,3.0,113,False
P00364,Nova Beauty Item 364,beauty,Nova,17.92,4.1,113,False
P00111,Nova Books Item 111,books,Nova,32.09,4.6,111,False
P00906,FreshNest Books Item 906,books,FreshNest,28.27,3.9,109,False
P00511,DailyPro Home Item 511,home,DailyPro,59.88,4.5,108,False
P00486,FreshNest Electronics Item 486,electronics,FreshNest,145.23,5.0,108,False
P00834,Nova Electronics Item 834,electronics,Nova,165.16,3.8,106,False
P00515,FreshNest Toys Item 515,toys,FreshNest,48.54,3.2,105,False
P00051,FreshNest Electronics Item 51,electronics,FreshNest,156.9,4.1,105,False
P00757,UrbanCo Grocery Item 757,grocery,UrbanCo,13.17,3.1,103,False
P00560,FreshNest Toys Item 560,toys,FreshNest,36.68,4.1,99,False
P00002,UrbanCo Home Item 2,home,UrbanCo,76.06,3.1,98,False
P00153,Zenith Fashion Item 153,fashion,Zenith,54.72,4.1,97,False
P00505,Apex Beauty Item 505,beauty,Apex,57.29,4.8,97,False
P00923,FreshNest Toys Item 923,toys,FreshNest,44.36,4.2,94,False
P00676,BrightLife Grocery Item 676,grocery,BrightLife,12.07,3.0,93,False
P00625,Zenith Books Item 625,books,Zenith,28.95,4.2,93,False
P00569,CoreLine Grocery Item 569,grocery,CoreLine,24.71,4.0,91,False
P00603,Apex Grocery Item 603,grocery,Apex,8.56,3.0,91,False
P00135,DailyPro Home Item 135,home,DailyPro,78.79,3.5,84,False
P00851,Zenith Sports Item 851,sports,Zenith,129.19,4.4,83,False
P00274,FreshNest Fashion Item 274,fashion,FreshNest,48.74,3.0,82,False
P00827,Apex Books Item 827,books,Apex,30.25,3.2,81,False
P00259,DailyPro Grocery Item 259,grocery,DailyPro,11.92,3.3,80,False
P00108,CoreLine Beauty Item 108,beauty,CoreLine,35.55,4.4,79,False
P00765,DailyPro Fashion Item 765,fashion,DailyPro,37.9,4.8,79,False
P00039,Zenith Fashion Item 39,fashion,Zenith,49.56,4.7,78,False
P00553,BrightLife Toys Item 553,toys,BrightLife,27.4,3.5,77,False
P00130,UrbanCo Grocery Item 130,grocery,UrbanCo,23.53,3.8,76,False
P00310,CoreLine Grocery Item 310,grocery,CoreLine,22.5,4.6,76,False
P00303,FreshNest Beauty Item 303,beauty,FreshNest,26.61,3.3,76,False
P00732,FreshNest Beauty Item 732,beauty,FreshNest,53.44,4.1,75,False
P00899,Nova Beauty Item 899,beauty,Nova,34.17,4.2,73,False
P00052,Zenith Sports Item 52,sports,Zenith,50.41,3.7,71,False
P00987,BrightLife Beauty Item 987,beauty,BrightLife,34.27,3.8,70,False
P00615,BrightLife Beauty Item 615,beauty,BrightLife,58.94,4.8,69,False
P00282,Zenith Books Item 282,books,Zenith,29.43,3.7,69,False
P00466,FreshNest Home Item 466,home,FreshNest,86.32,3.9,69,False
P00014,Nova Sports Item 14,sports,Nova,115.99,3.8,68,False
P00805,FreshNest Fashion Item 805,fashion,FreshNest,76.66,3.9,66,False
P00092,CoreLine Sports Item 92,sports,CoreLine,105.16,4.4,66,False
P00641,Zenith Books Item 641,books,Zenith,17.76,3.2,65,False
P00285,FreshNest Grocery Item 285,grocery,FreshNest,19.82,4.6,65,False
P00383,UrbanCo Sports Item 383,sports,UrbanCo,41.92,3.7,65,False
P00277,CoreLine Sports Item 277,sports,CoreLine,99.8,4.2,64,False
P00372,Zenith Electronics Item 372,electronics,Zenith,161.97,4.4,64,False
P00378,BrightLife Grocery Item 378,grocery,BrightLife,9.02,4.1,63,False
P00419,Nova Fashion Item 419,fashion,Nova,35.3,3.9,62,False
P00032,DailyPro Sports Item 32,sports,DailyPro,38.2,4.4,60,False
P00044,Apex Grocery Item 44,grocery,Apex,11.2,3.4,60,False
P00685,Apex Toys Item 685,toys,Apex,19.41,4.4,60,False
P00381,Apex Grocery Item 381,grocery,Apex,17.51,3.9,59,False
P00629,DailyPro Fashion Item 629,fashion,DailyPro,73.7,3.4,59,False
P00719,Nova Home Item 719,home,Nova,59.71,3.1,58,False
P00426,CoreLine Home Item 426,home,CoreLine,59.58,4.1,57,False
P00312,Apex Fashion Item 312,fashion,Apex,47.81,4.8,57,False
P00534,UrbanCo Beauty Item 534,beauty,UrbanCo,40.07,4.0,57,False
P00230,Nova Beauty Item 230,beauty,Nova,27.53,5.0,56,False
P00699,FreshNest Sports Item 699,sports,FreshNest,130.16,3.7,55,False
P00057,FreshNest Beauty Item 57,beauty,FreshNest,28.93,4.8,52,False
P00329,DailyPro Grocery Item 329,grocery,DailyPro,11.7,3.7,51,False
P00922,BrightLife Fashion Item 922,fashion,BrightLife,51.89,3.4,51,False
P00502,BrightLife Grocery Item 502,grocery,BrightLife,24.94,4.5,47,False
P00541,Apex Electronics Item 541,electronics,Apex,94.82,4.0,47,False
P00774,CoreLine Books Item 774,books,CoreLine,22.21,3.9,47,False
P00126,Nova Beauty Item 126,beauty,Nova,49.71,3.3,46,False
P00161,CoreLine Sports Item 161,sports,CoreLine,60.27,4.6,44,False
P00207,FreshNest Home Item 207,home,FreshNest,69.3,4.9,44,False
P00937,CoreLine Electronics Item 937,electronics,CoreLine,150.95,4.3,44,False
P00792,CoreLine Electronics Item 792,electronics,CoreLine,141.44,3.7,44,False
P00828,Nova Grocery Item 828,grocery,Nova,22.4,4.1,43,False
P00965,UrbanCo Electronics Item 965,electronics,UrbanCo,130.45,4.7,43,False
P00557,Zenith Fashion Item 557,fashion,Zenith,70.84,4.4,41,False
P00902,Nova Books Item 902,books,Nova,31.41,3.5,41,False
P00728,Apex Fashion Item 728,fashion,Apex,65.5,3.2,41,False
P00192,CoreLine Beauty Item 192,beauty,CoreLine,22.81,3.1,37,False
P00986,FreshNest Fashion Item 986,fashion,FreshNest,66.34,3.7,36,False
P00856,Apex Fashion Item 856,fashion,Apex,53.31,3.3,35,False
P00393,DailyPro Electronics Item 393,electronics,DailyPro,92.15,3.2,34,False
P00596,Apex Sports Item 596,sports,Apex,81.5,4.6,33,False
P00224,UrbanCo Toys Item 224,toys,UrbanCo,20.53,4.3,31,False
P00559,Zenith Electronics Item 559,electronics,Zenith,100.59,5.0,31,False
P00171,FreshNest Home Item 171,home,FreshNest,42.98,3.6,29,False
P00954,BrightLife Fashion Item 954,fashion,BrightLife,71.61,3.3,29,False
P00107,Apex Home Item 107,home,Apex,105.25,3.2,26,False
P00957,DailyPro Beauty Item 957,beauty,DailyPro,44.63,3.5,26,False
P00190,BrightLife Toys Item 190,toys,BrightLife,19.23,3.5,25,False
P00738,CoreLine Home Item 738,home,CoreLine,50.01,4.4,25,False
P00850,FreshNest Books Item 850,books,FreshNest,20.76,3.4,23,False
P00031,UrbanCo Grocery Item 31,grocery,UrbanCo,12.33,3.1,21,False
P00622,FreshNest Electronics Item 622,electronics,FreshNest,203.65,4.8,20,False
P00789,DailyPro Home Item 789,home,DailyPro,59.5,3.3,16,False
P00960,DailyPro Sports Item 960,sports,DailyPro,40.64,4.5,15,False
P00040,Nova Home Item 40,home,Nova,80.87,4.1,14,False
P00718,Zenith Toys Item 718,toys,Zenith,49.22,3.8,12,False
P00020,Zenith Grocery Item 20,grocery,Zenith,26.44,4.7,11,False
P00997,BrightLife Books Item 997,books,BrightLife,24.57,4.3,11,False
P00509,DailyPro Fashion Item 509,fashion,DailyPro,52.89,3.9,8,False
P00871,Zenith Beauty Item 871,beauty,Zenith,23.19,3.9,8,False
P00637,Apex Grocery Item 637,grocery,Apex,20.12,4.2,8,False
P00796,Nova Electronics Item 796,electronics,Nova,150.17,3.2,7,False
P00446,DailyPro Grocery Item 446,grocery,DailyPro,16.43,3.3,6,False
P00438,CoreLine Fashion Item 438,fashion,CoreLine,41.03,3.2,5,False
P00593,BrightLife Home Item 593,home,BrightLife,50.02,3.2,1,False
P00861,CoreLine Books Item 861,books,CoreLine,16.75,3.6,0,False
